Jam_Operasi,Suhu_Motor,Getaran,Tekanan_Oli,Arus_Listrik,Umur_Sisa_Mesin
1360,75.15,1.34,2.23,7.47,3000
4272,81.94,4.84,1.83,3.53,1546
3592,70.97,2.67,1.93,7.63,2065
966,55.0,4.92,2.47,4.95,3000
4926,76.31,3.89,2.47,6.31,1163
3944,94.54,4.13,2.66,5.17,2256
3671,71.09,4.65,2.45,6.86,2119
3419,52.91,4.07,2.99,7.54,2579
630,71.7,4.17,2.37,6.97,3000
2185,69.97,3.34,1.5,5.99,3000
1269,69.13,3.87,2.44,5.29,3000
2891,79.45,2.91,1.5,5.9,3000
2933,83.78,3.16,2.64,6.98,3000
1684,76.84,5.46,3.03,7.04,3000
3885,68.67,2.69,2.01,6.83,2245
4617,81.26,3.65,3.21,4.08,1450
3404,55.06,3.61,2.92,5.97,2922
974,62.84,3.19,3.1,5.05,3000
1582,63.95,4.01,2.59,7.0,3000
3058,69.69,4.09,2.0,4.85,3000
2547,75.07,2.57,2.89,6.68,3000
3247,67.99,3.6,2.19,5.58,2935
1475,60.94,2.42,2.56,3.18,3000
2306,79.75,4.29,2.41,7.4,3000
689,67.65,3.68,3.06,5.96,3000
3234,71.02,3.58,2.87,7.91,2851
3505,75.51,4.16,2.46,3.5,2485
2399,70.39,3.22,1.52,5.56,3000
1767,70.43,4.41,2.18,5.68,3000
2028,80.3,2.55,2.85,6.41,3000
3702,71.51,4.91,2.64,4.01,2353
4056,78.63,2.95,1.75,6.82,1808
4390,75.45,1.8,1.6,8.87,1638
1146,90.17,3.17,2.6,6.71,3000
3388,74.09,3.06,1.97,6.14,2821
2935,76.38,3.16,2.02,3.93,3000
1100,81.02,3.73,2.84,4.84,3000
2863,70.64,4.6,3.1,5.92,2892
2561,63.62,3.31,2.12,5.21,3000
741,65.26,2.81,2.48,7.54,3000
2541,65.35,2.37,2.46,6.8,3000
3324,60.5,3.03,2.42,10.0,2166
3112,73.18,1.61,2.52,4.53,2877
1863,63.7,2.77,2.88,6.05,3000
1978,71.95,4.74,2.16,3.92,3000
3056,68.41,2.68,1.74,3.0,3000
1275,69.58,4.13,3.35,7.08,3000
4514,75.56,2.27,3.04,6.74,1808
534,64.58,5.27,1.95,4.72,3000
3652,76.39,5.34,2.57,6.14,1979
2455,85.67,4.09,3.01,5.06,3000
2085,73.43,5.49,2.87,5.26,3000
4443,62.18,3.86,2.73,5.52,1399
3573,63.85,4.27,2.41,4.66,2807
1521,67.52,4.76,3.36,4.93,3000
3961,64.05,3.68,2.61,4.97,2113
3113,60.09,1.95,2.24,6.63,3000
4343,71.54,4.29,2.94,3.0,1747
2000,67.79,3.03,2.55,5.66,3000
661,71.9,3.1,2.67,4.37,3000
4797,81.86,3.8,2.6,4.42,1286
2481,67.64,4.07,2.75,5.21,3000
1495,58.15,3.65,2.01,5.98,3000
3842,66.01,4.14,1.77,5.68,2134
4298,77.7,2.79,3.22,4.4,2055
1775,76.77,3.46,2.62,7.08,3000
1516,75.19,4.35,2.89,4.65,3000
837,63.75,5.27,1.62,4.9,3000
1378,77.52,5.63,3.03,6.43,3000
1576,79.77,3.93,2.24,6.48,3000
4493,63.05,4.34,2.1,5.08,1585
879,69.58,5.48,2.47,3.0,3000
992,90.2,2.83,2.01,4.67,3000
2562,62.6,4.13,2.5,6.24,3000
4384,52.95,4.27,2.43,7.03,1415
564,83.83,4.95,3.03,5.88,3000
3068,81.37,2.36,3.26,5.28,3000
2527,65.43,2.56,3.24,9.44,3000
3195,68.87,3.52,1.37,5.44,2335
1995,57.75,3.88,2.03,6.92,3000
891,70.89,4.62,1.36,4.0,3000
4974,81.66,4.02,1.9,4.36,800
4061,64.57,3.35,2.18,6.97,1765
2778,78.77,3.92,2.71,7.57,3000
3599,74.64,3.8,2.24,5.42,2406
700,75.78,5.25,2.25,3.23,3000
3604,65.16,3.67,2.59,5.75,2330
2954,66.45,3.12,1.65,6.28,2926
4145,51.53,3.95,2.08,6.15,1766
1304,64.33,3.7,2.25,5.15,3000
3231,81.63,1.93,2.4,5.77,2616
3273,60.71,3.48,2.54,4.88,3000
2070,62.2,3.4,3.25,4.33,3000
3190,76.4,2.96,2.95,7.13,2687
4340,74.03,4.54,2.12,6.15,1703
1528,76.9,2.71,2.37,5.77,3000
1002,58.37,3.96,2.34,5.24,3000
4993,95.64,3.35,2.24,5.73,940
1370,57.84,3.61,2.64,6.24,3000
4988,71.54,3.91,1.57,8.59,1261
706,68.41,2.19,2.94,6.98,3000
1984,58.13,3.69,3.35,5.0,3000
1363,66.3,5.79,2.37,5.02,3000
3290,70.23,1.94,2.36,4.78,3000
1063,63.5,3.44,2.58,5.7,3000
4691,79.37,4.62,3.01,4.78,1197
2257,68.38,3.8,2.34,6.71,3000
2178,56.59,4.19,2.97,3.0,3000
3742,55.74,1.12,2.74,6.8,2703
1559,76.06,4.1,3.68,6.41,3000
2222,55.13,2.74,2.34,7.89,3000
3814,73.16,3.81,1.51,7.32,2239
3657,74.45,3.47,1.78,4.97,2196
3125,60.05,5.78,2.51,7.15,2715
3229,78.91,4.05,3.01,5.75,2908
2097,52.82,3.39,2.17,3.1,3000
3560,72.96,1.99,2.38,6.24,2417
3193,69.59,3.62,2.84,5.06,2663
4127,68.81,4.32,2.02,6.0,1565
1863,58.22,3.42,2.19,8.48,3000
2481,60.63,2.99,1.92,6.34,3000
2163,86.19,2.93,3.09,4.47,3000
2029,82.15,4.04,3.27,7.45,3000
2538,77.42,4.26,1.71,6.54,3000
3802,79.4,4.86,2.43,4.3,1933
2737,78.46,2.51,3.2,3.59,3000
1806,66.77,4.03,2.7,4.53,3000
4529,70.48,3.38,2.26,7.25,1805
3175,55.27,3.41,1.73,5.55,2755
1782,69.1,3.9,3.08,6.12,3000
1209,81.83,3.91,2.68,3.99,3000
4913,63.39,4.03,1.76,7.29,804
4248,80.23,2.44,3.09,3.0,1901
1163,70.92,2.75,1.7,5.02,3000
2498,56.15,4.99,2.39,6.63,3000
3945,58.93,3.28,2.37,4.32,1960
4243,79.19,3.81,3.31,6.92,1665
1995,75.53,4.55,2.37,4.7,3000
3804,71.02,3.96,2.37,4.16,2350
4263,67.26,4.05,1.82,7.93,1681
2353,72.11,4.39,2.18,6.23,3000
1791,78.8,1.38,2.09,6.78,3000
4081,84.76,3.01,2.12,7.53,1975
3957,85.24,3.97,2.5,3.0,2053
2136,73.72,4.89,1.28,6.95,3000
4196,68.28,3.57,1.74,4.86,1843
3499,71.46,2.66,2.44,5.06,2549
3652,75.22,2.68,2.56,6.66,2428
1198,75.18,4.38,2.38,5.46,3000
2660,83.08,3.28,2.48,6.89,3000
4597,91.16,3.49,2.3,5.94,1690
1354,67.95,4.12,2.49,6.25,3000
3974,91.56,1.0,2.72,5.26,2217
2207,81.72,5.5,2.71,4.4,3000
3277,68.99,2.77,2.16,4.89,3000
2233,84.99,3.74,2.96,5.85,3000
4010,86.86,1.8,2.58,8.76,1967
702,65.4,3.08,3.12,8.21,3000
3755,87.32,4.74,3.22,5.02,2666
4718,80.75,1.58,1.78,6.09,1475
4996,93.69,4.63,2.07,5.57,630
1266,65.76,3.23,2.91,6.2,3000
4889,66.47,3.99,1.67,6.39,942
2827,49.73,4.16,3.21,6.79,3000
3431,75.71,3.94,2.33,3.0,2636
697,73.75,2.64,2.79,6.55,3000
2430,64.37,3.14,2.44,5.4,3000
4082,69.18,2.04,1.8,4.94,1676
1108,56.89,3.99,3.03,7.19,3000
3772,81.98,5.2,3.88,8.2,1698
1647,65.1,1.68,2.24,7.03,3000
4782,100.0,2.74,2.34,5.22,1423
3897,68.24,3.32,1.18,4.39,2164
3011,62.4,3.67,3.18,3.0,3000
2294,65.88,4.38,2.96,6.27,3000
1159,55.88,3.35,1.63,6.87,3000
3311,74.82,3.18,1.47,5.85,2824
1869,65.8,4.6,1.53,7.4,3000
2486,81.31,4.16,2.82,4.02,3000
646,67.25,4.04,2.87,5.74,3000
3719,83.84,3.61,2.04,5.62,2605
3411,77.57,4.48,2.75,5.83,2523
2234,70.29,2.84,2.58,7.75,3000
2343,85.8,2.71,2.32,5.84,3000
988,79.52,4.25,2.99,5.56,3000
3476,99.46,1.87,1.9,4.59,2440
2459,65.91,3.59,3.07,7.99,3000
2885,70.77,3.18,2.14,3.85,3000
3419,85.69,2.09,3.39,5.17,2959
2302,54.56,2.57,2.0,8.54,3000
4561,83.17,3.39,2.32,6.7,1409
3869,74.39,4.53,2.53,5.97,2052
762,61.12,2.85,2.53,6.03,3000
1123,56.37,4.71,2.75,4.58,3000
1516,63.28,3.56,1.86,5.9,3000
4143,47.15,4.81,2.48,5.48,1921
2549,65.1,2.9,2.57,6.27,3000
4223,76.23,3.45,2.24,3.74,1812
3608,65.24,3.87,2.7,6.6,2358
4590,83.88,3.32,1.83,7.52,1305
2556,86.6,4.45,2.34,5.69,3000
3670,82.76,1.29,2.12,6.97,2385
2182,72.31,5.92,2.34,6.47,3000
2755,46.75,4.36,3.22,5.09,3000
1654,62.96,3.33,3.23,4.41,3000
4999,68.58,2.95,3.14,4.62,1167
3691,61.06,2.63,2.27,6.44,2300
2196,68.6,4.15,2.95,5.92,3000
4491,86.1,4.49,2.56,7.91,1307
2148,53.54,3.34,2.52,7.19,3000
1945,88.12,4.61,2.46,7.18,3000
4699,78.85,2.59,3.38,6.39,1374
4423,72.68,2.42,3.18,4.56,1855
753,62.86,5.31,2.87,6.49,3000
3683,61.26,4.09,2.41,6.1,2073
3057,53.74,4.9,2.52,4.29,2670
598,87.17,2.65,2.77,7.81,3000
2700,85.38,2.58,2.24,7.65,3000
3461,55.94,3.14,2.97,4.28,2644
4933,64.47,2.68,2.04,5.04,1212
4277,74.33,4.21,2.7,5.18,1606
3369,67.0,2.75,1.36,6.91,2708
3734,50.81,2.33,2.22,6.74,2190
4291,63.42,3.64,3.54,6.07,1872
1456,89.51,2.21,3.02,6.41,3000
4567,64.1,1.7,3.27,4.07,1763
660,68.37,3.63,2.17,6.57,3000
4993,58.55,1.75,2.55,5.85,1317
1800,75.88,4.28,3.14,4.98,3000
4487,71.15,2.1,2.82,3.7,1626
2027,62.58,1.26,2.75,6.04,3000
1718,56.95,3.21,3.32,6.54,3000
4996,84.05,3.64,1.98,3.45,1123
3604,53.94,3.99,2.41,6.03,1863
3235,75.04,3.67,1.62,6.18,2600
1454,48.46,2.44,1.95,5.17,3000
3946,77.07,4.21,3.04,6.57,1714
1545,79.7,4.46,2.04,5.8,3000
2193,80.95,2.29,2.87,6.42,3000
3936,68.39,3.32,3.33,6.8,2243
1062,85.84,3.23,2.41,6.8,3000
2985,93.08,3.72,2.76,7.53,2743
3854,66.78,3.3,2.87,6.51,2260
725,65.49,3.43,1.89,5.28,3000
1459,71.49,4.14,2.19,5.03,3000
3567,65.22,2.39,2.0,4.41,2947
1315,63.76,4.24,2.23,6.23,3000
3620,64.63,4.64,2.86,7.98,1779
516,87.16,5.13,2.2,5.46,3000
1743,77.72,1.36,2.48,6.67,3000
2705,65.19,3.32,1.98,4.87,3000
3024,45.45,1.53,3.11,6.29,3000
1569,54.56,1.06,2.23,7.89,3000
3944,75.03,3.64,3.26,7.03,2002
3065,48.78,3.1,2.53,3.64,2943
1560,72.93,3.8,1.8,6.86,3000
2827,59.34,3.99,2.41,6.92,3000
3920,70.92,4.75,1.97,6.26,2170
801,70.64,3.55,2.79,7.0,3000
4776,71.21,6.42,2.37,4.75,699
1106,66.06,3.81,2.58,6.09,3000
3670,65.73,5.34,2.32,7.67,2117
1199,62.79,1.17,2.22,7.53,3000
1639,74.84,4.85,2.01,6.82,3000
690,78.05,3.32,2.92,4.68,3000
2800,57.81,1.55,2.41,4.44,3000
1480,69.48,3.92,2.34,6.17,3000
3475,71.97,3.2,2.4,6.27,2461
1684,71.84,4.08,2.16,5.85,3000
3827,71.67,4.51,2.34,4.79,2416
3894,65.98,2.01,2.6,6.66,1915
627,72.79,4.51,1.98,6.17,3000
2565,76.18,3.51,2.06,6.43,3000
2316,71.41,4.85,3.19,6.89,3000
1069,75.06,3.29,2.32,5.59,3000
2395,79.9,3.03,2.22,5.27,3000
3233,51.49,3.53,1.83,7.66,2951
4363,79.43,3.6,2.93,4.86,1665
4514,73.42,2.84,1.97,5.3,1247
3401,58.88,3.0,2.49,7.85,2620
2186,78.02,2.27,1.65,5.18,3000
3509,66.02,3.07,2.91,5.85,2941
654,67.38,4.18,3.09,5.38,3000
3037,64.92,3.36,2.74,3.33,2824
1909,73.02,4.51,1.73,5.82,3000
4557,62.15,3.31,2.92,4.48,1804
1284,79.01,2.07,2.09,6.38,3000
3675,68.61,4.1,1.91,7.66,1875
4841,66.36,2.83,2.31,3.0,1583
3306,77.53,3.27,2.3,5.39,2637
1037,66.8,4.74,2.25,6.68,3000
2341,79.48,2.34,3.14,3.0,3000
2955,79.8,3.66,3.51,8.0,3000
1024,56.65,3.46,1.82,6.57,3000
3450,81.09,4.2,2.16,7.62,2231
4631,55.38,4.36,2.57,5.15,1022
4615,81.72,3.76,2.31,5.34,1829
2868,90.28,3.14,2.7,5.76,3000
4347,78.75,3.97,2.96,9.21,1275
4995,48.43,4.84,2.87,7.98,1092
3201,80.64,3.47,2.8,6.2,2959
1471,92.46,3.23,3.33,6.38,3000
1666,66.97,3.89,1.71,6.95,3000
3274,69.65,3.54,3.24,9.59,2919
2482,58.12,2.16,2.29,6.57,3000
1353,73.12,3.74,2.89,6.07,3000
4646,82.69,2.15,1.99,5.49,1566
4236,76.98,3.87,2.05,6.35,1928
4269,100.0,2.7,2.83,5.12,1926
1074,70.33,3.54,1.54,6.74,3000
3761,53.69,3.89,2.99,3.85,2244
1648,71.71,5.95,3.13,5.61,3000
2215,45.84,4.24,2.59,7.1,3000
4354,64.67,4.86,2.57,6.55,1317
2991,86.24,5.37,2.08,5.31,2643
3160,73.25,3.99,2.84,5.65,2692
3624,71.79,3.79,2.67,7.55,2131
3551,88.21,2.43,2.04,4.18,2816
504,67.29,3.38,2.3,4.19,3000
1376,82.62,2.78,2.42,4.61,3000
1491,71.29,3.1,2.3,5.98,3000
4642,73.8,5.37,1.82,3.96,1312
4864,57.83,3.61,2.85,7.43,761
4965,65.18,2.62,2.38,4.61,1360
1135,56.02,4.87,2.51,6.34,3000
2193,69.05,4.46,2.21,5.13,3000
2182,73.9,4.51,2.74,5.9,3000
619,58.9,1.49,2.6,3.59,3000
1330,90.49,5.45,3.11,7.5,3000
4175,72.78,2.94,2.74,4.56,1745
1869,70.58,4.28,2.4,4.4,3000
1240,77.7,6.02,2.13,9.57,3000
616,61.71,5.66,2.93,6.83,3000
3338,71.63,2.52,2.36,7.44,2461
1650,62.83,2.06,2.41,6.69,3000
2431,85.59,4.93,2.41,5.32,3000
1512,59.41,3.64,2.3,4.04,3000
2164,70.63,3.0,2.42,5.55,3000
1581,73.29,4.12,3.46,4.53,3000
1012,73.95,3.34,1.98,4.62,3000
3349,64.19,4.2,2.09,3.63,2912
1059,61.04,3.57,3.19,6.17,3000
4172,64.33,4.22,2.31,8.36,1681
3843,75.28,2.61,2.27,6.84,1982
4570,68.56,4.92,3.02,5.84,1271
1970,77.96,4.2,1.79,5.94,3000
1080,74.77,4.15,2.91,3.0,3000
2794,47.23,2.38,2.52,5.36,3000
3647,72.47,5.2,2.73,3.86,2112
4749,92.5,3.49,2.72,6.2,1260
2179,83.25,4.23,2.19,5.61,3000
4006,74.22,3.18,3.03,4.7,2047
3244,59.41,3.76,2.22,6.17,2776
3856,74.78,3.8,2.7,6.15,2286
4545,77.4,1.0,3.12,8.28,1678
1743,67.46,4.08,3.19,7.03,3000
3618,73.17,5.47,2.37,6.33,2143
2641,85.1,4.04,2.73,4.58,3000
3559,61.43,2.54,2.32,4.39,2483
3459,59.42,4.15,3.75,6.9,2549
2765,76.93,4.56,2.89,5.7,3000
2979,74.58,4.01,2.54,6.37,3000
2135,80.29,3.43,2.66,7.47,3000
2257,75.7,3.26,2.7,3.73,3000
4952,64.32,3.25,2.72,8.1,1205
2570,74.32,4.2,2.38,7.45,3000
3349,58.58,2.09,2.3,3.0,2905
3751,67.5,3.13,2.42,9.53,2349
4230,75.03,5.1,1.93,6.48,1446
2989,66.39,5.13,2.86,5.28,2996
2131,94.68,2.02,2.1,6.78,3000
3316,51.08,2.37,1.97,4.53,2974
1515,64.53,3.23,2.49,6.82,3000
1848,60.62,4.39,2.43,4.81,3000
3587,63.0,1.67,2.62,9.03,2253
3339,63.57,3.45,2.22,6.09,2492
835,56.74,3.03,2.3,6.97,3000
1395,77.53,4.83,2.85,4.82,3000
4046,64.53,1.82,2.82,7.22,2070
1351,71.64,3.59,2.79,5.98,3000
2187,65.65,3.11,2.52,3.88,3000
2431,63.09,4.97,2.58,5.64,3000
4246,86.72,4.1,2.62,8.9,1807
2927,79.23,2.91,2.17,7.29,3000
2068,51.32,4.35,3.24,5.43,3000
4500,50.26,3.11,3.17,3.2,1812
3238,80.43,4.5,2.9,4.75,2501
3998,64.8,3.26,2.29,3.89,2186
4413,53.51,4.55,2.77,3.23,1893
1566,80.46,3.94,2.99,7.18,3000
4880,71.69,6.76,1.89,6.09,728
2944,72.52,3.45,3.35,8.69,3000
4607,78.1,3.88,1.63,4.5,1301
3873,56.9,3.02,2.85,6.0,2260
4469,53.68,3.5,3.23,3.91,1680
3046,85.81,1.0,2.44,5.11,3000
1253,55.63,3.97,2.42,5.67,3000
2582,57.78,4.84,2.83,5.44,3000
3274,59.78,3.9,3.43,6.08,2632
3396,90.8,2.19,2.36,7.46,2617
4685,74.93,2.7,2.11,7.3,1266
1275,79.65,1.07,2.29,4.85,3000
2125,71.96,4.48,1.72,5.95,3000
3569,63.98,2.49,2.95,7.19,2387
917,76.31,3.47,2.24,7.55,3000
614,54.43,3.35,2.4,5.01,3000
1116,59.05,4.99,2.95,7.06,3000
4474,77.33,3.59,2.31,6.5,1317
3767,56.43,4.31,2.88,4.4,2333
1325,68.11,4.05,1.98,7.2,3000
2016,68.56,4.86,2.98,6.23,3000
3646,64.71,3.26,2.67,3.39,2398
912,50.49,5.37,2.46,5.56,3000
1228,63.71,1.51,2.57,6.06,3000
3848,61.75,4.36,1.86,5.09,2106
3308,71.61,2.63,2.55,7.84,2558
1175,71.1,3.01,2.43,7.9,3000
3965,73.78,4.07,1.87,5.43,2364
3004,63.24,4.06,2.16,5.26,2890
3467,75.23,4.11,2.44,5.8,2567
3286,54.44,2.11,2.2,5.7,2876
1622,51.78,4.95,1.29,5.11,3000
4579,46.64,2.6,3.04,3.0,1875
2071,65.01,2.73,2.43,8.63,3000
2643,62.47,4.14,1.36,6.0,3000
2187,77.89,3.21,3.57,5.73,3000
4632,63.51,3.81,3.12,6.49,1439
4351,72.73,1.34,2.33,5.88,2187
3940,78.13,3.78,2.08,5.35,2143
4266,63.14,3.72,2.7,4.49,1614
2826,72.98,2.99,2.6,3.24,3000
3414,80.02,1.43,2.77,3.97,2808
4452,57.62,3.29,2.08,4.32,1558
1095,70.25,3.46,3.05,6.98,3000
1228,63.18,3.13,2.26,7.09,3000
1865,58.26,1.66,2.84,4.68,3000
4992,54.64,5.09,2.1,3.0,1570
1198,58.09,2.86,3.82,6.01,3000
895,70.6,3.28,2.85,5.37,3000
4671,53.89,1.09,3.94,5.33,1653
4860,64.49,5.09,2.91,7.43,1160
3002,78.13,3.03,2.22,6.21,3000
2319,74.49,3.6,2.91,4.54,3000
1217,64.69,4.62,2.95,4.19,3000
3282,86.9,2.82,2.69,5.61,3000
4077,88.93,4.46,2.82,4.64,1885
643,70.26,1.44,2.88,5.89,3000
3640,45.31,4.05,2.0,7.54,2477
4991,78.86,5.07,1.97,3.93,860
3438,47.06,2.92,2.1,6.13,2244
4136,84.76,4.62,2.56,7.37,1566
3722,80.84,5.33,2.39,5.87,2234
1667,87.74,3.25,2.01,7.08,3000
3116,72.6,3.16,2.89,5.57,3000
1562,66.39,2.6,2.64,6.26,3000
2656,65.5,2.99,2.58,6.66,3000
3482,64.54,2.68,2.37,5.14,2690
3794,79.81,2.6,2.31,8.99,2247
1656,77.12,4.7,2.08,6.87,3000
1232,71.2,2.71,2.97,7.95,3000
4830,62.78,3.76,2.15,7.61,877
1453,96.29,3.54,2.6,6.49,3000
3039,79.12,5.0,3.33,8.08,2903
3824,54.02,3.0,2.33,6.28,2183
3801,64.84,3.88,2.98,4.91,2631
2042,79.32,4.29,2.78,6.02,3000
1691,62.0,4.99,2.66,4.49,3000
3493,73.52,2.98,2.72,3.0,2567
3181,79.51,2.88,2.45,4.72,2949
1717,40.0,2.44,2.52,6.11,3000
2040,68.92,5.74,2.23,7.59,3000
3736,69.31,4.88,2.52,4.72,2304
2886,65.88,3.46,2.21,7.52,3000
4219,73.02,5.43,3.0,4.18,1544
1888,76.58,3.4,1.65,4.62,3000
2356,71.42,4.22,2.74,8.17,3000
1865,66.26,3.51,2.67,6.07,3000
999,76.33,3.9,2.62,5.74,3000
2180,70.49,3.79,3.01,6.35,3000
1010,67.69,3.08,2.36,4.19,3000
4812,56.88,4.59,2.63,5.5,1033
1824,54.37,4.22,1.64,6.0,3000
1655,56.69,4.53,2.29,7.85,3000
2327,72.78,3.82,2.93,3.49,3000
3641,69.21,2.59,1.83,8.64,1890
3986,55.2,5.21,2.58,5.81,1755
2310,76.46,3.24,2.16,4.33,3000
3423,83.74,3.86,2.44,4.06,2859
2714,64.02,4.14,2.19,6.41,3000
4686,52.59,3.86,1.88,3.98,1454
1213,62.91,4.42,2.69,5.16,3000
4102,78.54,4.57,2.48,5.63,1819
4634,75.49,3.28,2.81,7.72,1648
4022,60.78,5.13,2.9,7.53,1825
4768,85.21,3.23,3.11,5.04,1503
1743,83.48,3.84,2.57,5.68,3000
4209,62.67,3.11,3.13,3.61,1557
1581,62.57,2.83,2.01,3.0,3000
955,64.07,4.54,2.95,4.16,3000
1394,64.93,6.62,2.73,7.68,3000
1884,79.51,3.14,2.62,7.17,3000
2458,74.25,4.72,2.72,6.58,3000
3572,78.77,3.17,2.02,3.81,2531
2496,76.74,3.49,1.9,4.93,3000
4785,87.15,5.26,3.35,4.71,778
1004,59.41,2.43,2.42,5.75,3000
1714,73.8,2.16,2.41,5.66,3000
2031,48.26,3.41,1.95,4.5,3000
3940,56.83,4.16,1.76,6.52,2172
1323,69.25,3.96,2.46,6.34,3000
1428,74.18,3.86,2.33,4.91,3000
633,68.98,3.53,2.5,6.46,3000
2605,64.33,4.29,2.54,7.69,3000
4127,66.11,1.0,3.74,8.14,1855
2352,83.69,2.75,2.33,6.74,3000
4675,66.16,3.41,3.29,6.69,1207
3433,87.49,4.2,3.32,5.64,2255
3784,77.94,4.99,2.88,7.54,1981
4798,74.58,2.61,2.38,4.39,979
3311,58.06,4.96,1.82,7.37,2793
1750,79.35,3.05,2.74,5.57,3000
4012,65.06,3.37,3.01,8.24,1966
1756,58.06,4.08,3.37,6.88,3000
3876,75.13,3.3,2.03,5.9,1999
3986,56.12,4.61,2.38,5.65,1956
4084,62.38,3.1,2.03,6.79,1879
1896,69.9,3.11,2.18,6.72,3000
4137,92.18,4.55,2.83,5.4,1480
3830,63.13,2.74,2.16,6.14,2196
3203,65.42,3.75,2.09,7.34,2457
970,77.32,1.84,2.9,3.95,3000
1853,57.62,5.32,2.73,7.09,3000
3283,74.43,4.71,2.68,6.78,2387
3331,82.06,6.25,2.17,7.78,2514
857,66.93,4.84,3.15,4.93,3000
3519,80.26,2.37,2.51,6.01,2630
1167,72.91,4.17,3.69,6.31,3000
4968,62.69,2.58,2.58,7.11,1023
1645,68.02,5.08,1.33,6.64,3000
4685,66.2,2.4,1.31,4.14,1258
4219,69.12,2.35,2.81,6.44,2181
3245,71.53,1.89,3.15,9.01,2658
1039,75.88,3.01,2.11,6.92,3000
3279,75.09,2.81,3.55,8.46,2474
4636,45.68,2.24,3.33,7.56,1408
4275,69.03,5.49,2.61,8.04,1995
3008,54.91,4.03,2.77,6.46,2800
3279,67.24,3.91,2.95,6.78,2935
1424,68.76,5.09,3.44,6.38,3000
3456,79.76,3.76,2.84,6.01,2634
2081,69.7,2.75,2.59,7.11,3000
3824,72.59,1.8,2.84,5.22,2434
4985,77.93,2.69,2.77,8.83,867
755,82.28,5.01,2.96,4.61,3000
2338,68.77,2.24,1.71,7.22,3000
2444,70.94,3.85,2.66,8.07,3000
509,70.1,4.53,2.73,5.74,3000
3371,64.57,3.79,2.46,4.33,2340
1297,62.31,3.9,2.89,7.73,3000
1515,47.28,4.16,3.46,6.31,3000
2324,59.23,3.88,2.57,7.22,3000
4969,52.21,5.11,2.85,5.84,1066
3636,82.55,2.46,3.3,8.6,2191
2693,71.88,3.74,2.58,3.0,3000
723,68.74,1.68,2.06,6.56,3000
4658,62.83,1.43,2.81,8.01,1258
4425,70.3,3.42,1.4,6.16,1690
4500,61.52,4.04,1.35,6.45,1649
2133,71.74,5.13,2.67,5.35,3000
2652,72.46,5.92,1.33,6.03,3000
1010,61.39,4.82,1.84,3.49,3000
884,61.2,4.23,2.31,4.92,3000
904,79.62,3.66,2.14,4.82,3000
2500,69.47,1.97,2.43,7.0,3000
3256,62.19,3.35,3.06,5.14,3000
2168,66.29,4.79,2.62,5.19,3000
1960,59.89,4.4,2.08,5.43,3000
4136,69.33,2.21,3.18,4.88,1860
3224,78.32,4.11,1.79,6.4,2448
4678,69.72,4.03,2.61,6.57,1014
2548,93.64,3.85,1.73,7.24,3000
4646,74.21,3.47,2.63,6.98,1354
1216,72.3,4.17,2.34,6.83,3000
2323,60.92,4.2,3.04,5.51,3000
2581,67.61,2.86,2.86,5.41,3000
3919,62.21,3.96,2.21,4.69,2022
2074,48.34,3.31,2.11,4.67,3000
749,79.74,2.01,2.34,6.29,3000
1173,64.89,2.94,3.44,4.92,3000
2665,62.4,1.94,3.31,8.2,3000
1270,72.11,4.48,2.02,5.94,3000
4462,75.12,3.86,2.9,8.25,1259
4863,66.79,3.14,1.63,6.86,902
2484,69.97,4.92,2.28,4.83,3000
1577,77.46,3.57,2.04,5.91,3000
735,66.4,2.07,3.03,3.49,3000
888,73.02,3.06,1.85,6.29,3000
3537,53.41,5.13,2.71,4.97,2288
2348,57.59,2.83,2.5,4.33,3000
3314,76.06,3.78,2.41,8.28,2431
3874,57.06,4.24,3.34,7.55,2114
3778,72.34,4.09,3.38,7.5,2182
1752,68.53,5.95,2.43,7.17,3000
4481,66.36,2.32,2.33,4.15,2028
2622,61.72,2.42,1.75,5.4,3000
2650,79.09,2.34,2.5,5.49,3000
1829,87.3,3.2,3.48,3.44,3000
1858,73.0,4.6,2.44,5.16,3000
2982,73.22,2.47,2.86,5.18,2942
2517,63.18,4.61,1.8,6.19,3000
1831,58.04,3.54,2.28,9.8,3000
4844,69.6,2.39,2.73,5.97,1513
4761,60.26,1.75,2.55,6.19,1358
1858,52.27,1.97,2.91,5.62,3000
3677,78.03,2.83,2.2,7.11,2282
2628,78.52,3.33,1.63,4.39,3000
2680,61.41,4.85,3.06,8.84,3000
637,72.44,4.3,2.03,5.81,3000
3972,80.02,2.66,2.75,5.41,2323
3332,72.05,3.91,2.73,7.46,2294
4079,58.07,5.15,1.67,4.66,1928
3531,67.67,5.37,3.02,7.08,2072
4664,83.27,3.19,2.22,8.11,1275
3093,72.47,4.46,2.53,5.64,2977
4800,75.39,4.89,2.32,9.08,1003
4318,73.42,1.99,3.31,6.97,1791
4638,61.44,2.99,3.17,6.99,1105
4323,63.79,5.72,1.59,8.05,1511
4542,73.39,3.2,3.63,8.45,1565
2406,78.17,1.0,2.16,6.39,3000
1260,81.0,3.38,3.55,7.2,3000
3945,61.42,4.62,2.37,8.09,2069
1399,74.33,3.51,2.33,4.26,3000
4955,81.87,4.22,2.38,3.41,905
3447,60.13,4.44,2.3,5.91,2537
2219,84.87,3.15,3.76,3.37,3000
780,86.39,2.98,2.46,5.53,3000
3766,96.25,3.65,2.35,6.47,2059
2387,72.31,3.68,2.54,5.59,3000
3766,72.36,3.55,2.02,5.79,2456
1166,78.27,3.6,3.3,4.5,3000
4688,77.98,2.75,1.76,7.18,1422
1171,81.26,4.25,2.19,4.4,3000
2469,77.84,4.1,2.97,3.0,3000
4656,68.94,2.16,2.52,5.69,1682
3622,82.22,3.11,2.77,7.37,2132
4400,59.29,3.59,3.27,6.12,1474
1023,70.06,2.97,3.0,4.25,3000
2893,85.64,4.14,2.57,6.15,3000
3617,57.5,3.43,3.54,6.66,2032
3093,63.23,3.67,2.19,6.14,3000
2468,76.72,3.1,2.45,5.6,3000
2253,73.94,1.51,2.48,6.73,3000
2796,61.25,1.45,2.45,3.39,3000
2761,65.84,4.09,1.97,4.66,3000
2786,58.19,3.77,1.71,4.04,3000
4702,79.8,3.94,2.71,8.02,1381
3378,67.44,3.63,2.18,7.07,2457
4643,87.92,3.71,3.45,6.28,1139
4144,70.81,4.47,2.46,3.82,2041
4932,67.8,3.94,2.37,7.12,1001
2555,66.83,4.54,3.05,8.08,3000
1776,67.56,3.67,2.7,6.86,3000
3266,71.11,3.2,2.41,5.95,2634
802,95.12,3.69,2.18,6.95,3000
1138,66.61,2.66,4.0,6.41,3000
555,66.94,3.12,2.68,7.39,3000
1025,70.66,3.68,3.04,7.36,3000
4623,80.9,3.66,1.99,5.67,1721
2625,55.79,3.39,2.21,5.01,3000
3787,74.55,2.11,3.56,5.4,2177
864,61.83,4.14,3.2,6.8,3000
2146,75.53,4.33,2.73,5.49,3000
1418,65.06,5.14,2.31,4.87,3000
3297,46.96,3.94,2.38,6.0,2943
2031,73.7,3.5,2.16,7.66,3000
3845,73.61,2.49,1.92,6.2,2018
2406,64.21,4.99,2.96,5.59,3000
3586,63.62,3.75,2.77,6.48,2101
2575,56.89,3.69,2.87,6.13,3000
1213,77.73,3.25,2.33,3.1,3000
1562,78.82,3.18,2.63,7.05,3000
2476,61.21,4.19,2.28,6.61,3000
1796,64.6,2.48,2.14,6.02,3000
625,69.37,5.13,3.33,7.59,3000
4096,92.71,4.91,2.56,7.82,1553
3783,75.45,3.15,2.75,7.2,2112
2103,60.57,2.64,2.92,4.72,3000
566,73.04,1.48,2.57,4.78,3000
732,56.23,2.25,2.62,7.68,3000
2656,77.18,4.23,1.96,3.18,3000
1669,86.76,3.82,2.05,5.78,3000
2658,86.8,3.99,2.03,6.66,3000
4706,77.35,1.65,2.8,3.37,1606
1993,64.17,3.1,2.54,6.35,3000
4507,56.99,4.87,2.05,7.43,1402
2972,56.0,3.4,2.79,3.77,3000
3160,41.94,2.23,2.77,8.49,3000
3239,76.94,3.39,2.15,4.49,2808
2261,68.97,2.73,2.49,6.86,3000
4014,79.09,3.83,2.77,5.87,1447
2475,84.28,3.52,2.07,6.1,3000
2862,71.0,4.04,2.78,4.07,3000
1376,71.46,2.28,2.65,7.89,3000
4312,65.36,3.05,2.0,6.49,1587
3948,66.54,4.59,2.61,8.43,1562
1812,77.28,2.15,2.68,4.11,3000
1960,68.26,2.5,2.19,5.73,3000
3209,66.81,3.7,2.23,6.31,2681
2824,69.82,3.79,2.0,6.09,2980
2233,78.86,3.01,2.28,7.0,3000
2105,63.07,3.22,2.49,5.71,3000
3063,69.33,4.03,2.23,9.18,2627
3921,72.45,4.35,1.76,6.06,2049
4017,81.6,2.43,2.16,3.0,2364
2897,67.61,3.86,2.29,6.13,2943
4235,62.82,5.01,2.91,7.89,1414
3370,65.16,3.38,2.8,4.62,2994
1660,80.53,2.42,2.92,4.52,3000
742,90.33,2.37,2.13,4.74,3000
3090,56.86,3.34,2.57,4.39,3000
1563,59.05,4.54,1.29,5.28,3000
4824,68.31,3.46,2.71,7.36,963
3095,71.11,3.69,2.81,8.29,2844
1419,77.87,2.5,2.32,3.0,3000
505,61.09,4.48,2.65,5.43,3000
967,59.37,2.35,1.74,6.45,3000
4670,71.38,3.0,2.1,6.3,1584
503,67.42,4.13,2.88,8.85,3000
1145,79.27,1.46,2.76,3.0,3000
617,74.87,3.67,2.29,3.0,3000
3428,75.55,2.46,2.91,9.09,2487
3051,68.96,3.52,2.57,7.13,2831
4789,93.56,3.15,2.25,5.14,1141
1346,61.62,5.61,2.41,6.26,3000
3262,76.11,3.11,2.27,6.36,2908
1641,57.3,5.34,1.91,5.11,3000
2310,59.27,4.09,3.13,6.21,3000
1223,63.93,2.7,2.22,6.53,3000
724,86.29,3.83,2.08,9.02,3000
4708,72.64,3.2,1.74,7.45,1432
2548,64.1,3.74,1.18,8.61,3000
4915,73.74,2.79,2.85,3.98,1084
2073,70.35,5.19,2.9,5.48,3000
2328,65.08,4.43,3.1,6.36,3000
2417,56.03,3.53,2.43,3.12,3000
4734,84.39,5.23,2.34,7.77,884
2526,72.1,3.57,2.25,6.96,3000
4244,91.74,4.6,2.29,5.45,1987
1401,79.4,3.54,3.06,5.72,3000
2539,75.51,3.89,2.49,7.88,3000
509,65.65,3.42,2.69,4.81,3000
760,59.05,3.6,2.28,7.94,3000
2173,67.82,3.67,3.16,5.62,3000
2719,58.76,2.83,1.55,7.13,3000
2560,76.5,3.1,1.89,6.13,3000
4213,86.33,3.28,2.69,9.35,1625
2119,67.39,3.73,3.38,4.67,3000
820,79.44,3.47,2.39,5.14,3000
1842,63.11,4.67,2.08,3.74,3000
2876,66.98,4.35,3.0,4.35,3000
3332,61.85,3.3,2.66,7.07,2650
3324,48.67,4.88,3.15,8.4,2535
2494,69.63,5.37,1.85,7.24,3000
3458,71.28,1.46,3.11,5.99,2597
2538,80.66,4.43,1.73,4.66,3000
3990,77.95,2.81,2.36,7.35,2356
4177,78.09,4.3,2.71,4.58,1783
1618,60.26,4.74,2.59,3.98,3000
2104,74.59,2.62,3.03,5.54,3000
4527,85.83,1.65,1.59,3.0,1651
735,73.8,4.34,2.57,3.93,3000
2469,88.29,3.64,3.1,8.83,3000
4929,90.19,1.83,2.53,3.65,1366
2408,67.32,6.03,1.93,4.22,3000
875,63.03,4.12,3.0,6.11,3000
4030,62.39,4.17,2.18,6.19,1620
3135,54.84,4.87,2.09,5.65,2799
2070,64.82,2.92,2.02,3.0,3000
3060,82.08,3.63,2.4,7.27,2597
3891,47.96,2.18,2.59,5.34,2176
3465,59.63,2.89,1.87,7.83,2597
4143,68.73,3.89,1.97,5.03,1734
4350,61.23,1.83,2.15,7.47,1516
1372,64.73,2.86,2.02,7.94,3000
1752,64.88,2.57,2.52,5.3,3000
1814,67.42,3.64,2.68,7.32,3000
3398,62.71,4.07,2.61,4.01,3000
577,61.89,4.24,2.61,6.4,3000
3121,79.34,4.5,3.34,7.83,2571
4727,80.5,4.87,2.71,6.78,1202
1100,56.19,4.11,2.89,9.61,3000
1565,42.4,5.39,2.29,6.86,3000
2636,80.63,3.62,2.97,5.45,3000
2949,57.71,3.33,2.27,10.0,2735
2843,72.13,4.11,2.71,8.45,3000
2363,54.34,3.28,1.81,3.6,3000
1818,82.98,5.35,2.58,4.82,3000
4097,95.44,4.63,2.01,4.44,1717
4262,71.83,4.25,2.97,6.97,1476
2690,69.06,3.63,2.94,6.86,3000
1492,66.78,3.09,2.27,6.85,3000
3212,77.82,4.2,3.52,3.56,2899
2692,75.68,2.37,2.36,5.04,3000
1748,80.03,5.03,1.69,5.78,3000
3554,63.72,3.32,2.11,3.27,2912
4533,73.4,3.81,1.98,4.69,1092
2497,64.58,2.59,2.69,8.03,3000
4187,59.42,4.22,1.88,3.67,1849
2651,69.59,3.05,2.23,8.18,3000
4518,60.77,4.15,2.66,7.64,1426
3610,81.74,4.26,2.57,5.56,2268
2470,61.38,2.85,2.49,5.03,3000
697,73.64,2.38,2.56,7.25,3000
3126,63.97,5.03,2.31,4.82,3000
1702,72.77,3.31,1.7,4.89,3000
2535,64.76,3.72,2.3,5.96,3000
977,57.43,3.99,2.73,3.0,3000
1754,74.84,2.25,2.43,3.83,3000
1422,67.65,3.96,2.7,5.53,3000
919,72.86,3.6,2.21,6.71,3000
2704,65.71,2.86,3.0,4.8,3000
3097,56.72,2.34,1.22,5.7,2879
1620,80.83,4.11,2.57,3.58,3000
3568,77.37,4.63,3.17,7.4,2158
1450,64.33,3.68,3.25,6.33,3000
2836,70.7,2.07,2.38,6.46,3000
2743,80.42,2.44,1.84,6.73,3000
3145,65.43,3.07,3.18,6.12,3000
2357,66.98,5.06,2.47,5.27,3000
2365,72.44,3.25,2.42,7.69,3000
3412,65.41,3.03,2.05,6.24,2614
3353,78.57,1.83,1.88,5.75,3000
3728,68.31,2.84,2.78,5.99,2645
4219,62.16,2.27,2.83,5.96,2192
3728,76.09,2.5,2.6,5.74,2356
2871,58.58,3.62,2.12,6.67,2883
3391,90.15,3.1,1.97,4.6,2675
4256,85.82,5.2,1.78,4.71,1669
4725,75.13,4.58,2.22,6.84,1277
594,74.29,2.89,2.0,5.78,3000
3174,73.82,2.58,1.65,7.46,2631
2455,65.11,4.88,2.83,6.61,3000
1293,72.97,5.16,1.84,5.17,3000
2334,60.77,1.31,2.99,6.86,3000
2616,75.04,3.59,2.7,7.8,3000
4606,78.68,3.25,2.65,6.67,1507
3825,66.22,4.15,3.33,7.0,2127
3419,64.05,5.44,1.86,5.74,1999
3097,57.88,3.02,2.94,7.49,2556
3705,84.58,1.44,2.35,5.13,2487
1314,64.84,4.08,3.79,6.51,3000
845,68.01,4.89,2.31,9.85,3000
2849,73.0,3.2,2.23,6.81,3000
862,72.82,2.79,2.71,5.37,3000
2943,77.47,3.06,2.4,5.37,3000
2765,66.21,4.35,2.12,5.89,3000
2688,58.61,3.05,2.01,7.28,3000
3505,56.86,3.83,3.23,6.22,2154
3781,64.21,3.53,1.92,5.03,2293
1484,60.48,3.42,2.61,5.02,3000
2139,66.96,4.2,3.03,6.23,3000
1327,83.08,3.02,3.05,6.06,3000
3230,66.23,3.07,2.2,6.68,2917
4031,66.22,4.3,2.4,7.38,1837
4951,69.84,2.51,2.3,10.0,950
3435,65.94,2.62,1.73,3.81,2959
4376,69.33,2.24,2.77,7.03,1773
626,75.41,4.35,2.52,6.15,3000
3677,78.85,3.39,3.22,3.23,2414
3556,80.03,2.19,2.09,7.87,2572
1103,90.57,4.35,3.04,6.63,3000
3949,75.69,2.94,3.08,7.2,1848
4646,92.34,2.63,2.52,3.45,1660
4033,62.24,3.3,1.41,5.67,2260
3867,90.91,4.98,2.24,4.38,2228
3868,66.2,3.11,3.39,9.24,2195
4297,67.18,4.08,2.65,7.72,1591
2292,68.8,4.23,2.85,4.98,3000
3361,67.81,3.94,2.46,3.7,2674
3976,70.86,4.77,2.39,6.29,1481
3917,64.2,2.79,1.57,7.64,2343
2145,78.3,2.46,2.9,3.4,3000
1705,64.47,2.44,3.04,4.6,3000
3530,76.56,3.36,2.02,4.34,2765
3372,85.28,2.55,2.41,7.3,2304
3572,66.43,3.65,2.34,5.45,2210
2354,77.94,3.58,2.71,5.51,3000
4521,75.59,4.52,2.23,6.26,1456
3208,92.53,3.79,2.97,4.68,2769
4002,64.95,3.08,2.54,3.83,2150
1832,77.95,3.91,1.23,8.05,3000
701,53.74,2.47,2.72,8.19,3000
4007,65.04,3.46,3.0,6.27,2093
4712,73.53,3.82,1.92,6.38,1385
1074,83.93,3.63,2.7,7.89,3000
1036,57.74,3.92,3.41,6.23,3000
2125,77.86,2.86,2.56,5.37,3000
2622,69.37,4.65,3.07,6.06,3000
885,54.78,5.32,2.28,8.09,3000
3781,71.82,1.9,2.49,6.08,2421
974,87.09,2.28,2.4,5.0,3000
917,58.8,3.54,2.31,6.22,3000
4100,68.9,3.24,2.43,6.98,2099
1454,60.13,5.4,1.68,6.8,3000
1705,65.31,3.72,2.33,6.83,3000
4620,84.32,4.89,3.17,4.76,1454
2490,67.28,1.45,2.02,7.16,3000
4072,84.02,4.31,1.97,6.04,1430
4880,81.09,2.78,2.53,4.93,1694
4658,66.37,2.77,2.56,7.14,1157
3213,64.97,3.25,2.69,5.32,2663
2703,61.04,2.08,2.44,3.64,3000
3620,60.69,3.94,2.54,4.5,2429
1466,73.53,3.69,2.32,5.73,3000
3932,69.8,3.77,1.86,6.87,1766
1188,63.76,4.39,2.46,4.7,3000
4743,54.51,5.01,2.86,5.64,1182
4201,71.06,3.14,2.76,4.18,1971
841,65.3,3.98,1.63,7.47,3000
2224,68.05,3.79,2.63,8.58,3000
4922,73.05,3.88,2.05,8.41,1118
2292,44.98,3.89,3.2,7.45,3000
2259,54.67,5.09,2.66,7.29,3000
3712,92.96,3.04,2.95,3.0,2065
1489,64.93,1.97,2.51,6.27,3000
2762,44.83,2.8,2.47,5.26,3000
2982,55.5,4.26,3.25,7.32,2781
1451,94.84,3.52,2.99,3.0,3000
1222,62.97,3.03,2.56,6.29,3000
3889,81.59,2.42,2.4,5.68,2246
2579,71.21,3.72,1.65,7.68,3000
3217,65.15,4.14,2.66,8.32,2820
2832,77.75,3.81,2.44,4.61,3000
3876,46.16,3.25,2.78,4.67,2214
2000,55.59,3.65,2.93,6.35,3000
785,65.08,3.64,3.12,8.6,3000
3995,56.57,3.69,2.67,6.09,2071
2565,64.19,2.32,1.98,4.08,3000
1268,78.54,3.7,1.43,5.09,3000
3557,71.32,3.06,2.09,6.3,2571
4789,83.31,4.54,3.17,6.36,923
2661,71.95,3.63,3.41,4.94,3000
3793,79.92,4.34,2.38,5.06,1690
1446,69.36,3.2,1.77,4.53,3000
3835,64.1,3.23,2.18,7.71,2165
4650,84.81,4.99,3.07,4.75,1513
1981,62.91,3.94,2.2,5.3,3000
2401,73.44,2.79,2.79,5.26,3000
3951,77.69,4.4,2.58,3.59,1850
4564,78.41,2.97,2.86,4.7,996
554,58.35,3.73,3.41,7.84,3000
2323,80.52,5.34,2.79,4.19,3000
3962,60.21,2.07,2.57,4.55,2062
3579,78.11,3.32,3.46,4.0,2701
1332,75.35,3.91,2.67,5.86,3000
4908,78.19,4.26,2.1,8.83,878
3306,57.95,2.26,2.84,5.8,2815
2990,75.88,1.96,2.72,6.1,3000
827,80.86,4.59,2.35,4.81,3000
3810,71.93,2.78,2.24,5.91,2375
3800,61.81,2.74,2.35,7.84,1892
4175,79.2,5.05,2.23,6.21,1426
3554,71.14,3.57,2.37,9.2,2118
2643,53.26,3.58,2.08,7.89,3000
1811,61.04,3.32,2.69,5.87,3000
3691,64.74,2.28,2.66,5.84,2721
3038,85.06,4.18,2.67,8.45,2902
4483,83.3,3.91,2.47,6.21,1278
664,83.27,3.67,2.41,8.11,3000
4777,72.32,3.38,3.22,9.0,998
1322,79.14,3.21,2.53,5.69,3000
1443,58.59,4.41,3.13,6.53,3000
4925,70.07,3.36,2.0,7.47,1238
1274,74.52,3.44,2.79,7.15,3000
2698,59.25,4.03,2.13,7.14,3000
3656,72.1,3.71,2.22,4.0,2507
4742,86.87,5.14,2.29,4.73,1150
4195,75.59,1.74,2.26,5.26,1946
3952,79.18,3.8,2.27,7.82,1782
1414,45.48,2.79,3.11,4.15,3000
1808,85.58,2.56,2.52,8.28,3000
4677,68.14,3.04,2.61,7.17,1366
1013,62.31,3.55,2.27,7.73,3000
2420,68.25,3.6,2.93,4.61,3000
4094,55.15,1.98,2.68,6.11,2484
1909,80.48,2.96,2.35,6.45,3000
3690,66.65,3.78,1.71,6.38,2355
4991,62.61,2.62,2.61,6.44,1043
2055,68.32,2.39,2.79,5.59,3000
1304,81.18,1.24,2.01,6.2,3000
1779,71.31,2.84,2.35,7.55,3000
4077,55.9,2.35,2.77,4.25,2140
3401,74.65,2.52,1.71,8.32,2566
1887,60.71,3.23,2.18,7.47,3000
3261,48.44,2.9,2.69,4.55,2808
3179,84.96,2.33,3.05,6.58,2797
2606,74.57,1.38,3.59,7.35,3000
4723,69.22,3.8,3.48,4.15,1179
3268,66.54,4.25,2.57,6.06,2292
4453,83.97,3.1,2.26,5.88,1596
3686,100.0,3.23,2.96,5.03,2543
3780,74.49,3.5,2.23,6.14,2341
3073,59.7,5.08,2.12,5.1,2869
3099,68.46,1.93,2.35,8.06,3000
4533,74.31,3.09,2.28,5.06,1763
736,46.5,1.78,2.71,7.19,3000
1804,73.34,3.86,2.2,3.52,3000
3930,74.36,3.36,2.54,5.76,2145
1801,83.26,3.7,3.3,6.02,3000
3041,82.22,3.65,2.56,5.71,3000
2551,71.11,4.49,3.26,5.41,3000
941,85.15,4.04,3.1,5.0,3000
2576,90.36,4.33,2.8,7.13,2725
3680,70.28,2.43,2.32,7.5,2191
3157,74.18,4.69,3.02,5.88,2458
4298,52.33,2.78,2.38,4.36,1883
1304,55.49,2.84,2.5,8.69,3000
574,61.62,3.77,2.67,4.68,3000
2675,65.56,3.8,2.5,3.81,3000
4424,59.04,2.43,2.14,3.0,1848
2589,69.64,3.33,1.74,6.15,3000
540,65.86,4.99,2.98,5.67,3000
2581,80.71,2.03,2.79,7.55,3000
2122,65.25,4.99,1.64,6.92,3000
841,47.13,3.26,2.13,6.44,3000
4552,71.26,1.16,2.59,5.59,1410
2574,69.86,2.13,2.72,7.66,3000
1145,61.38,2.54,1.74,8.8,3000
4763,70.95,2.88,2.46,7.51,1272
1109,59.25,3.4,2.77,5.3,3000
954,73.3,1.0,2.32,7.17,3000
3453,96.33,3.69,2.63,5.4,2713
2208,51.94,2.44,2.26,4.34,3000
3972,64.84,4.89,2.95,4.65,1625
3469,63.23,3.23,2.1,5.46,2794
3528,65.67,4.44,1.93,6.16,2479
3181,80.2,4.61,2.51,9.09,2638
4129,75.43,4.58,1.78,4.68,1703
4725,78.49,2.93,1.45,7.99,1177
3567,70.3,2.92,3.04,5.52,2119
1886,56.78,3.28,2.01,3.0,3000
4276,58.85,4.14,1.83,5.24,1520
3366,77.46,2.99,2.09,7.77,2407
3863,71.71,3.38,2.07,6.52,1942
4624,82.6,3.77,2.43,6.61,1653
648,72.93,2.6,1.95,7.99,3000
4350,58.17,2.53,2.75,4.45,2036
2558,64.78,3.34,2.82,4.42,3000
1636,75.65,3.47,1.86,3.0,3000
686,77.1,3.93,2.19,7.32,3000
3354,78.55,4.17,2.24,6.84,2393
1750,59.51,2.4,2.42,7.09,3000
1833,57.99,2.69,3.04,4.23,3000
4693,68.1,2.53,3.07,3.59,1433
4650,84.4,4.91,3.75,4.02,1177
3211,63.06,3.38,1.37,4.62,2707
2285,74.55,3.52,2.04,8.33,3000
1250,74.55,3.56,3.41,7.5,3000
2262,77.61,2.78,1.6,5.31,3000
4420,86.64,5.06,3.4,6.45,1262
4960,85.62,3.91,2.57,4.98,930
981,64.05,3.54,2.59,6.55,3000
653,49.02,2.39,1.86,4.29,3000
2024,63.21,2.34,2.27,7.13,3000
2620,70.76,3.19,3.37,4.73,3000
2843,66.38,2.8,2.48,7.21,3000
1740,89.68,2.43,2.28,5.36,3000
560,70.19,3.13,2.7,4.81,3000
1438,76.54,3.28,2.4,8.42,3000
2139,72.17,3.64,2.67,6.27,3000
4620,66.53,3.0,2.08,5.52,1760
4726,50.75,2.49,2.46,7.14,1107
4069,69.21,2.53,2.18,3.99,1790
1752,100.0,4.71,1.6,7.66,3000
4703,57.56,2.25,2.74,5.79,1436
671,51.85,3.86,1.88,6.9,3000
1958,89.36,4.02,2.42,3.68,3000
4049,77.42,3.38,2.96,5.43,1970
4697,71.87,5.27,1.75,6.01,1331
2822,83.63,4.0,2.8,7.55,2887
2136,61.68,5.34,2.35,7.02,3000
3615,68.93,2.85,2.02,5.41,2238
4590,79.55,2.87,3.51,6.48,1422
3504,91.1,4.03,2.5,7.88,2014
829,58.31,3.24,2.22,5.7,3000
4140,82.81,5.19,2.11,5.54,2030
4394,73.82,3.84,2.94,3.17,1341
4607,71.63,2.46,2.19,5.58,1471
1841,69.92,1.76,2.88,3.39,3000
4163,56.15,3.42,2.5,5.83,2325
715,79.63,3.41,3.06,7.48,3000
838,62.18,3.81,1.98,3.0,3000
4562,59.2,4.71,2.05,7.85,1253
3208,78.85,4.58,2.36,5.5,2902
3652,77.89,2.92,2.4,5.96,2478
2250,70.79,2.21,2.32,5.25,3000
2921,80.8,2.27,3.82,3.43,3000
1209,84.26,2.76,3.53,4.83,3000
4226,83.08,3.13,2.65,9.15,1307
4142,64.72,3.81,2.71,4.36,1601
4493,80.14,2.7,2.38,3.62,1645
988,72.12,3.78,1.98,6.21,3000
546,87.26,3.86,2.41,5.87,3000
3859,68.76,3.64,2.89,5.52,2281
900,66.44,2.37,3.15,6.02,3000
4490,63.86,3.97,3.0,6.97,1629
3657,71.89,5.58,1.75,5.12,2177
4845,74.67,3.75,2.36,6.29,848
890,74.86,1.0,1.77,7.54,3000
4353,73.49,4.74,3.08,4.51,1846
4930,76.71,2.8,2.29,3.0,827
1128,67.77,5.77,2.48,7.01,3000
4732,61.27,3.62,2.74,9.75,1682
3430,60.4,1.82,3.88,5.99,2850
2021,79.75,1.44,2.63,6.3,3000
1326,74.7,5.04,2.38,5.56,3000
2000,51.44,4.61,1.88,8.38,3000
3794,80.97,5.73,3.23,5.88,2210
2919,88.8,3.51,2.41,5.72,3000
1434,62.84,3.44,3.33,7.37,3000
3542,73.36,3.12,3.05,5.27,2640
4997,65.27,2.84,2.27,4.07,1144
1966,76.28,3.11,1.8,7.32,3000
4061,58.34,3.72,2.64,5.11,2176
1114,69.29,2.66,2.19,4.54,3000
1682,79.81,1.83,2.52,9.15,3000
3723,82.36,3.66,3.02,5.73,2225
3167,74.26,2.63,1.67,6.74,2966
630,66.61,1.0,2.63,6.04,3000
3483,54.07,4.05,2.88,4.67,2541
4778,62.42,2.39,2.9,7.03,1302
4959,65.31,4.16,1.82,6.47,1552
538,63.02,4.14,2.71,5.01,3000
4459,70.6,3.78,3.1,6.65,1996
4087,66.58,6.0,2.67,5.23,1707
1420,71.72,3.36,2.44,4.34,3000
3269,82.03,3.21,3.07,4.19,2611
4611,65.94,4.18,2.15,6.41,1629
992,56.17,3.44,1.74,5.43,3000
1631,62.98,4.66,2.4,8.25,3000
4021,75.84,2.23,2.77,5.94,1894
810,76.78,2.25,3.02,4.82,3000
1238,74.06,4.27,2.77,6.24,3000
3741,83.01,2.34,2.92,4.06,2358
1045,68.14,4.11,3.02,5.87,3000
2961,90.52,3.87,2.33,6.48,2817
4846,78.18,2.81,2.43,6.29,1158
2304,44.77,3.87,3.14,7.95,3000
3712,88.01,2.27,1.89,9.9,2342
4310,62.33,2.5,2.71,7.01,1337
1313,59.66,3.26,2.14,7.77,3000
4624,75.24,3.58,3.05,9.82,1417
2532,52.62,3.2,2.49,4.49,3000
4913,63.05,3.93,2.5,6.2,1302
744,85.57,3.89,3.36,5.28,3000
771,75.56,5.03,1.96,7.26,3000
4011,78.12,3.4,2.61,6.41,2094
2271,63.43,4.69,2.41,4.77,3000
1762,54.62,4.42,2.77,6.02,3000
2924,77.07,5.79,3.46,7.57,2914
4861,79.3,3.37,2.2,4.04,1335
1420,78.85,3.08,1.9,4.8,3000
3930,72.09,4.76,2.1,4.58,2104
4935,60.33,3.89,2.38,6.49,1109
4984,94.38,4.78,2.53,7.86,692
3124,74.8,4.22,2.56,3.0,3000
4260,68.26,1.39,3.4,6.14,2136
2550,68.31,3.88,3.31,4.61,3000
4000,71.5,3.81,3.15,7.51,2078
1665,80.7,3.63,3.76,5.64,3000
875,71.9,3.37,2.91,6.2,3000
2533,78.59,1.91,3.05,6.0,3000
645,71.51,4.37,2.9,7.69,3000
4888,68.88,3.87,2.82,9.07,694
931,76.41,4.6,2.7,4.3,3000
1204,76.03,1.96,2.3,4.57,3000
3132,68.3,4.01,1.88,6.48,3000
4994,62.51,3.27,2.43,4.78,549
1463,73.42,3.64,2.78,7.4,3000
2734,70.78,3.28,2.54,7.64,3000
2541,64.45,4.04,1.97,5.18,3000
2328,61.58,3.34,2.42,4.85,3000
2608,74.1,2.45,2.39,5.59,3000
4568,75.5,3.59,2.47,6.16,1215
1438,66.4,3.29,2.75,6.47,3000
1306,64.2,3.42,2.85,3.0,3000
1963,61.7,1.0,2.25,4.55,3000
3915,73.82,4.18,2.99,5.39,2192
510,61.96,3.19,3.07,4.8,3000
2368,92.41,2.15,2.66,3.0,3000
1384,65.9,4.42,2.83,3.17,3000
4064,45.75,4.14,2.99,4.04,2138
1889,69.7,3.17,1.95,5.83,3000
3901,69.27,2.35,3.03,5.35,2159
4821,81.12,3.68,2.1,5.05,1397
1324,72.88,3.62,2.15,7.19,3000
2765,61.66,4.42,2.6,7.19,2841
1436,67.14,3.06,1.43,6.22,3000
3300,73.27,4.69,2.59,6.18,2876
